volumen,hidrologia,tiempo,volumen_turbinado,energia_hidro,energia_eolica,energia_solar,energia_biomasa,energia_renovable,energia_termico_bajo,energia_termico_alto,energia_exportada,costo_termico,ingreso_exportacion,demanda,demanda_residual,fraccion_turbinado,qt_max_fisico,energia_hidro_max_frac,energia_hidro_obj,aportes,vertimiento,TimeLimit.truncated,action,reward,terminal_observation
45000.0,2,0,3906.7466796734866,148253.95570766457,89498.12267082525,10847.177165782274,14205.472175438588,114550.7720120461,0.0,0.0,-0.0,0.0,-0.0,262804.7277197107,148253.95570766457,1.0,6822.144,258888.0,148253.95570766457,1924.6550399999999,0.0,False,1,-0.0,
43017.90836032651,3,1,3726.5298900876005,141415.0551769354,92140.0921373727,11271.621322419545,14859.639049122809,118271.35250891506,0.0,0.0,-0.0,0.0,-0.0,259686.40768585046,141415.0551769354,1.0,6822.144,258888.0,141415.0551769354,1890.36288,0.0,False,1,-0.0,
41181.74135023891,3,2,4442.620465099776,168589.3946197487,90659.82803868594,11002.30343492352,14518.368923684202,116180.50039729367,0.0,0.0,-0.0,0.0,-0.0,284769.89501704235,168589.3946197487,0.7075977325439453,4827.3336254882815,183188.5617828369,168589.3946197487,5644.77984,0.0,False,0,-0.0,
42383.90072513914,4,3,5454.330895052297,206981.97176112072,90554.62452678141,10732.967364716964,14566.054130701754,115853.64602220013,0.0,0.0,-0.0,0.0,-0.0,322835.61778332083,206981.97176112072,1.0,6822.144,258888.0,206981.97176112072,5187.006719999999,0.0,False,1,-0.0,
42116.57655008684,4,4,4635.843483190223,175921.85794907738,85031.2477209428,10716.475757573358,14637.513606140346,110385.2370846565,0.0,0.0,-0.0,0.0,-0.0,286307.0950337339,175921.85794907738,1.0,6822.144,258888.0,175921.85794907738,1962.8784,0.0,False,1,-0.0,
39443.61146689662,3,5,4168.195262993144,158175.455581965,87807.04803662449,10608.470938362425,14628.308548245614,113043.82752323252,0.0,0.0,-0.0,0.0,-0.0,271219.28310519754,158175.455581965,1.0,6822.144,258888.0,158175.455581965,2328.90336,0.0,False,1,-0.0,
37604.31956390347,3,6,5550.672052275048,210637.9440641216,84982.77061434375,10693.418996498953,14763.392324561399,110439.5819354041,0.0,0.0,2.9103830456733704e-11,0.0,0.0,321077.5259995257,210637.94406412158,1.0,6822.144,258888.0,210637.94406412158,2130.1056,0.0,False,1,-0.0,
34183.75311162842,3,7,0.0,0.0,85986.18983175584,10551.754537368377,15309.599851754381,111847.5442208786,84000.0,56707.030446353165,-0.0,25412109.13390595,-0.0,252554.57466723176,140707.03044635316,0.0,0.0,0.0,0.0,1968.50304,0.0,False,0,-25.412109375,
36152.256151628426,3,8,4107.547810122666,155873.99466605173,84086.47588357603,10205.677110637433,15594.137738596493,109886.29073280995,0.0,0.0,-0.0,0.0,-0.0,265760.2853988617,155873.99466605173,0.7723737359046936,5269.24484815979,199958.29174089432,155873.99466605173,2479.86144,0.0,False,0,-0.0,
34524.56978150576,3,9,3598.7254187786,136565.10713006853,87138.50521512776,10242.880464036181,15899.251240350874,113280.63691951481,0.0,0.0,-0.0,0.0,-0.0,249845.74404958336,136565.10713006853,1.0,6822.144,258888.0,136565.10713006853,1552.2192,0.0,False,1,-0.0,
32478.063562727155,2,10,3463.48682896901,131433.04776007793,88685.74475373808,9824.855155326186,16000.966926315783,114511.56683538006,0.0,0.0,-0.0,0.0,-0.0,245944.61459545797,131433.04776007793,0.7386564016342163,5039.220338470459,191229.278506279,131433.04776007793,1331.2857599999998,0.0,False,0,-0.0,
30345.862493758144,2,11,3465.90831204826,131524.93865411665,92209.90206906515,9278.029588771047,15795.58666754386,117283.51832538006,0.0,0.0,-0.0,0.0,-0.0,248808.4569794967,131524.93865411665,1.0,6822.144,258888.0,131524.93865411665,845.2684800000001,0.0,False,1,-0.0,
27725.222661709882,1,12,3594.581735495503,136407.86185969686,92859.18840188251,9169.003791343186,18456.2665437649,120484.4587369906,0.0,0.0,-0.0,0.0,-0.0,256892.32059668744,136407.86185969686,1.0,6822.144,258888.0,136407.86185969686,842.6678400000001,0.0,False,1,-0.0,
24973.30876621438,1,13,2301.273264564514,87329.14944577217,95290.58732603819,8530.480186850396,33050.70162164341,136871.76913453202,8615.491166719265,0.0,-0.0,861549.1166719265,-0.0,232816.40974702346,95944.64061249144,0.3373240530490875,2301.273264564514,87329.14944577217,87329.14944577217,428.8032,0.0,False,0,-0.8615491390228271,
23100.838701649864,0,14,0.0,0.0,99999.6553362952,7882.442787928107,33192.07652152284,141074.17464574613,84000.0,21548.616427664354,-0.0,14864584.928299306,-0.0,246622.79107341048,105548.61642766435,0.0,0.0,0.0,0.0,426.86784,0.0,False,0,-14.864584922790527,
23527.706541649863,0,15,2965.6506206881936,112541.06595942934,95416.92842546562,8111.724699108436,33118.516723145774,136647.16984771984,0.0,0.0,-0.0,0.0,-0.0,249188.23580714918,112541.06595942934,0.8992855548858643,6135.05555255127,232814.23873329166,112541.06595942934,454.74912,0.0,False,0,-0.0,
21016.80504096167,0,16,3175.0549020879434,120487.57890360325,100470.00745115177,7424.9501238408375,23369.852297572706,131264.80987256533,0.0,0.0,-0.0,0.0,-0.0,251752.38877616858,120487.57890360325,1.0,6822.144,258888.0,120487.57890360325,455.17248000000006,0.0,False,1,-0.0,
18296.922618873727,0,17,3349.1353745165156,127093.61731998499,98434.05050166651,6757.079140633997,21224.44183295923,126415.57147525974,0.0,0.0,-0.0,0.0,-0.0,253509.18879524473,127093.61731998499,1.0,6822.144,258888.0,127093.61731998499,435.81888,0.0,False,1,-0.0,
15383.606124357211,0,18,3368.9248560034644,127844.59227495416,98975.04493142634,6723.902763309068,25968.47947897232,131667.42717370772,0.0,0.0,-0.0,0.0,-0.0,259512.0194486619,127844.59227495416,1.0,6822.144,258888.0,127844.59227495416,465.2726400000001,0.0,False,1,-0.0,
12479.953908353746,0,19,3452.4150450300585,131012.89362665781,98037.6221467726,6354.5806597072415,34253.7348904101,138645.93769688995,0.0,0.0,-0.0,0.0,-0.0,269658.83132354775,131012.89362665781,1.0,6822.144,258888.0,131012.89362665781,510.63264000000004,0.0,False,1,-0.0,
9538.171503323687,0,20,0.0,0.0,97409.03202198535,5966.749727093678,35096.533702179564,138472.3154512586,84000.0,59250.30659151837,-0.0,26175091.97745551,-0.0,281722.62204277696,143250.30659151837,0.0,0.0,0.0,0.0,3353.0112000000004,0.0,False,0,-26.175092697143555,
12891.182703323688,2,21,3745.2306321449955,142124.7144438396,98814.04396127017,5886.59032116912,34915.35802257658,139615.99230501588,0.0,0.0,-0.0,0.0,-0.0,281740.7067488555,142124.7144438396,1.0,6822.144,258888.0,142124.7144438396,3581.6256,0.0,False,1,-0.0,
12727.577671178691,2,22,3625.6241938026906,137585.86688952782,98220.28704362443,5700.530551199278,35017.87632551271,138938.69392033643,0.0,0.0,-0.0,0.0,-0.0,276524.56080986426,137585.86688952782,1.0,6822.144,258888.0,137585.86688952782,1964.20896,0.0,False,1,-0.0,
11066.162437376,1,23,3636.1372885587816,137984.81978105503,98854.63909287953,5691.159953817383,35550.51846960261,140096.31751629955,0.0,0.0,-0.0,0.0,-0.0,278081.1372973546,137984.81978105503,1.0,6822.144,258888.0,137984.81978105503,2086.56,0.0,False,1,-0.0,
9516.58514881722,1,24,0.0,0.0,104690.69883044781,5569.164730104099,36640.267961321035,146900.13152187294,84000.0,59425.64355549839,-0.0,26227693.06664952,-0.0,290325.77507737133,143425.6435554984,0.0,0.0,0.0,0.0,1122.1538086956523,0.0,False,0,-26.227693557739258,
10638.738957512871,0,25,4833.009250223811,183403.94145475997,104382.0148129037,5429.313546577172,36310.39745348857,146121.72581296944,0.0,0.0,-0.0,0.0,-0.0,329525.6672677294,183403.94145475997,1.0,6822.144,258888.0,183403.94145475997,1340.9625599999997,0.0,False,1,-0.0,
7146.69226728906,0,26,4391.983367761957,166667.80855302344,106816.05281652318,5738.184090648205,34600.92987232152,147155.16677949292,0.0,0.0,-0.0,0.0,-0.0,313822.97533251636,166667.80855302344,1.0,6822.144,258888.0,166667.80855302344,5527.50912,0.0,False,1,-0.0,
8282.218019527103,3,27,4285.085393446472,162611.22417506436,105570.85574992995,5961.318488980013,35113.18863366362,146645.3628725736,0.0,0.0,-0.0,0.0,-0.0,309256.58704763796,162611.22417506436,1.0,6822.144,258888.0,162611.22417506436,3933.0143999999996,0.0,False,1,-0.0,
7930.147026080631,2,28,4042.514300731531,153406.09085469093,108730.43283364398,5763.893484376082,34304.426268943746,148798.75258696382,0.0,0.0,-0.0,0.0,-0.0,302204.84344165475,153406.09085469093,1.0,6822.144,258888.0,153406.09085469093,5098.40352,0.0,False,1,-0.0,
8986.0362453491,3,29,4303.530800827933,163311.19395379836,105710.5229317552,6405.6144499270995,34658.5686623392,146774.7060440215,0.0,0.0,-0.0,0.0,-0.0,310085.89999781986,163311.19395379836,1.0,6822.144,258888.0,163311.19395379836,8884.814400000001,0.0,False,1,-0.0,
13567.319844521167,4,30,4249.273148870871,161252.2144013498,106832.62021303737,6755.84926381601,35019.157293632656,148607.62677048604,0.0,0.0,-0.0,0.0,-0.0,309859.84117183584,161252.2144013498,1.0,6822.144,258888.0,161252.2144013498,5023.831679999999,0.0,False,1,-0.0,
14341.878375650296,3,31,4185.253455117547,158822.783055953,112963.317808136,6912.495966710932,34636.09143758985,154511.90521243677,0.0,0.0,-0.0,0.0,-0.0,313334.6882683898,158822.783055953,1.0,6822.144,258888.0,158822.783055953,5197.288320000001,0.0,False,1,-0.0,
15353.913240532751,3,32,4492.645391430812,170487.74990629635,111681.42711469864,6849.887804579319,34441.76708218248,152973.08200146045,0.0,0.0,-0.0,0.0,-0.0,323460.8319077568,170487.74990629635,1.0,6822.144,258888.0,170487.74990629635,3469.19328,0.0,False,1,-0.0,
14330.46112910194,2,33,2697.8182406845094,102377.31257128716,107779.19993502216,7307.814717086226,32995.00888109761,148082.023533206,17826.349321791524,0.0,-0.0,1782634.9321791525,-0.0,268285.6854262847,120203.66189307868,0.3954502046108246,2697.8182406845094,102377.31257128716,102377.31257128716,3375.81216,0.0,False,0,-1.782634973526001,
15008.455048417429,2,34,4171.239888463393,158290.99360032726,108649.10494879776,7909.894347552579,32997.27884153994,149556.27813789027,0.0,0.0,2.9103830456733704e-11,0.0,0.0,307847.2717382175,158290.99360032723,0.8586127758026123,5857.579996765137,222284.54430198672,158290.99360032723,4286.640960000001,0.0,False,0,-0.0,
15123.856119954036,3,35,3759.186876462089,142654.32862066783,109305.83774373586,7929.533467364118,32767.710565039084,150003.08177613906,0.0,0.0,-0.0,0.0,-0.0,292657.4103968069,142654.32862066783,1.0,6822.144,258888.0,142654.32862066783,2101.25664,0.0,False,1,-0.0,
13465.925883491947,1,36,2700.5799465265172,102482.11430253554,114300.0067239174,8524.156211579264,32083.372775819946,154907.5357113166,0.0,0.0,-0.0,0.0,-0.0,257389.65001385214,102482.11430253554,1.0,6822.144,258888.0,102482.11430253554,1310.66208,0.0,False,1,-0.0,
12076.00801696543,0,37,2439.451898285908,92572.77815353093,116709.79191836771,8237.11335634511,32138.754736952975,157085.6600116658,0.0,0.0,-0.0,0.0,-0.0,249658.43816519674,92572.77815353093,1.0,6822.144,258888.0,92572.77815353093,1701.36288,0.0,False,1,-0.0,
11337.918998679523,0,38,2878.274839338163,109225.31342149599,116894.20438616359,8752.13665806451,31710.193294999768,157356.53433922786,0.0,0.0,-0.0,0.0,-0.0,266581.84776072385,109225.31342149599,1.0,6822.144,258888.0,109225.31342149599,1911.89376,0.0,False,1,-0.0,
10371.537919341361,0,39,2672.312753557266,101409.42556224752,110322.89665027641,9054.746042873534,31879.889942467347,151257.5326356173,0.0,0.0,-0.0,0.0,-0.0,252666.95819786482,101409.42556224752,1.0,6822.144,258888.0,101409.42556224752,3175.62336,0.0,False,1,-0.0,
10874.848525784095,1,40,3228.488830314719,122515.29963344616,108176.90193784745,9864.239537116413,31227.34317938806,149268.48465435192,1.4551915228366852e-11,0.0,-0.0,1.4551915228366852e-09,-0.0,271783.7842877981,122515.29963344618,1.0,6822.144,258888.0,122515.29963344618,7233.04512,0.0,False,1,-1.4551914860754553e-15,
14879.404815469376,3,41,2693.9322461934034,102229.84612352331,104422.57659378197,10529.749504988575,31504.85887353122,146457.18497230177,0.0,0.0,-0.0,0.0,-0.0,248687.03109582508,102229.84612352331,1.0,6822.144,258888.0,102229.84612352331,4538.298239999999,0.0,False,1,-0.0,
16723.77080927597,2,42,0.0,0.0,107996.14741250093,10636.545500075908,30752.21296938665,149384.9058819635,84000.0,8460.939257223741,-0.0,10938281.777167123,-0.0,241845.84513918724,92460.93925722374,0.0,0.0,0.0,0.0,5702.41728,0.0,False,0,-10.938282012939453,
22426.188089275973,3,43,2432.264817398752,92300.04146009349,108368.16162633839,10773.160558117666,31590.321507513345,150731.6436919694,0.0,0.0,-0.0,0.0,-0.0,243031.68515206288,92300.04146009349,1.0,6822.144,258888.0,92300.04146009349,3438.0460799999996,0.0,False,1,-0.0,
23431.969351877222,2,44,2869.438533185045,108889.99161835486,102923.50995295042,10848.06160390814,32262.107988332133,146033.67954519068,0.0,0.0,-0.0,0.0,-0.0,254923.67116354554,108889.99161835486,0.750767171382904,5121.8417536468505,194364.61146497726,108889.99161835486,8742.14208,0.0,False,0,-0.0,
29304.672898692173,4,45,3467.128624186486,131571.24728800668,104473.43194198546,10923.442250445485,32514.58053801845,147911.4547304494,0.0,0.0,-0.0,0.0,-0.0,279482.70201845607,131571.24728800668,0.9242393374443054,6305.293850509644,239274.47359228134,131571.24728800668,4496.688,0.0,False,0,-0.0,
30334.232274505688,3,46,2774.4409050464246,105285.00380901646,104133.89710660212,11090.618849065764,32307.28314069009,147531.79909635798,0.0,0.0,-0.0,0.0,-0.0,252816.80290537444,105285.00380901646,1.0,6822.144,258888.0,105285.00380901646,8304.450949565216,0.0,False,1,-0.0,
35864.24231902448,4,47,2222.874717201233,84354.06666684152,101779.74723093814,11212.704877708185,34387.941797698426,147380.39390634475,21148.222332902325,0.0,-0.0,2114822.2332902327,-0.0,252882.6829060886,105502.28899974385,0.3258322775363922,2222.874717201233,84354.06666684152,84354.06666684152,7237.533787826086,0.0,False,0,-2.1148221492767334,
40878.901389649334,4,48,3733.091267915224,141664.04757331955,99174.28621582552,11568.319282368753,35193.49844685015,145936.10394504442,0.0,0.0,-0.0,0.0,-0.0,287600.151518364,141664.04757331955,1.0,6822.144,258888.0,141664.04757331955,7028.32032,0.0,False,1,-0.0,
44174.13044173411,4,49,3278.886669332303,124427.80628056242,99338.40944907123,11291.319964265569,34924.236809625756,145553.96622296254,0.0,0.0,-0.0,0.0,-0.0,269981.77250352496,124427.80628056242,1.0,6822.144,258888.0,124427.80628056242,6758.1561599999995,0.0,False,1,-0.0,
47653.39993240181,4,50,981.2682206954956,37237.35047507286,97313.17091924294,11329.20102259438,35295.99925486828,143938.37119670562,84000.0,7765.483805058466,-0.0,10729645.141517539,-0.0,272941.20547683694,129002.83428013133,0.14383575320243835,981.2682206954956,37237.35047507286,37237.35047507286,6611.613120000001,0.0,False,0,-10.729644775390625,
53283.74483170632,4,51,3723.162456859975,141287.26718925388,94055.30850885545,11043.135413804714,35184.48269391482,140282.926616575,0.0,0.0,-0.0,0.0,-0.0,281570.19380582887,141287.26718925388,1.0,6822.144,258888.0,141287.26718925388,6572.90592,0.0,False,1,-0.0,
56133.48829484634,4,52,3643.8763825075503,138278.50436968417,92467.96306251167,11350.593319777001,36432.24441620002,140250.8007984887,0.0,0.0,-0.0,0.0,-0.0,278529.30516817287,138278.50436968417,1.0,6822.144,258888.0,138278.50436968417,5902.2432,0.0,False,1,-0.0,
58391.85511233879,4,53,3522.506831603784,133672.74988921965,92077.1464552851,11269.442481945203,36251.92264326596,139598.51158049627,0.0,0.0,-0.0,0.0,-0.0,273271.2614697159,133672.74988921965,1.0,6822.144,258888.0,133672.74988921965,1942.9804800000004,0.0,False,1,-0.0,
56812.328760735,3,54,4230.507139410114,160540.07835478196,90611.44799048477,11377.655082999983,36257.837276160855,138246.94034964562,0.0,0.0,-0.0,0.0,-0.0,298787.0187044276,160540.07835478196,1.0,6822.144,258888.0,160540.07835478196,2068.05312,0.0,False,1,-0.0,
54649.87474132488,3,55,5318.927324747909,201843.65168037155,88359.82409203946,11416.239695997296,35889.021960530175,135665.08574856693,0.0,0.0,2.9103830456733704e-11,0.0,0.0,337508.73742893845,201843.65168037152,1.0,6822.144,258888.0,201843.65168037152,2056.0176,0.0,False,1,-0.0,
51386.96501657697,3,56,4390.80609958561,166623.13335947169,86433.12223115128,11103.806498983273,36190.64757729516,133727.57630742973,0.0,0.0,2.9103830456733704e-11,0.0,0.0,300350.7096669014,166623.13335947166,1.0,6822.144,258888.0,166623.13335947166,5447.312639999999,0.0,False,1,-0.0,
52443.47155699136,4,57,4053.528322879215,153824.05303282285,83446.21612304743,11016.439249456647,36716.177360995935,131178.8327335,0.0,0.0,-0.0,0.0,-0.0,285002.88576632284,153824.05303282285,1.0,6822.144,258888.0,153824.05303282285,5173.58016,0.0,False,1,-0.0,
53563.52339411214,4,58,4806.1026507762945,182382.88477261303,86948.75525617333,11243.952255964494,36381.77820882268,134574.4857209605,0.0,0.0,-0.0,0.0,-0.0,316957.37049357354,182382.88477261303,1.0,6822.144,258888.0,182382.88477261303,5524.666560000001,0.0,False,1,-0.0,
54282.087303335844,4,59,3469.765638677416,131671.31720847858,86270.37463503586,11112.640300029934,36456.29165863506,133839.30659370084,0.0,0.0,-0.0,0.0,-0.0,265510.6238021794,131671.31720847858,1.0,6822.144,258888.0,131671.31720847858,5492.91456,0.0,False,1,-0.0,
56305.23622465842,4,60,3935.08761453826,149329.4428192341,85204.61999868434,10813.929831108317,36624.74911774642,132643.29894753906,0.0,0.0,-0.0,0.0,-0.0,281972.74176677316,149329.4428192341,1.0,6822.144,258888.0,149329.4428192341,4959.84384,0.0,False,1,-0.0,
57329.99245012017,4,61,3804.8640564395564,144387.69481317367,88086.69888007017,10519.022792061409,36456.39532520748,135062.11699733906,0.0,0.0,-0.0,0.0,-0.0,279449.81181051274,144387.69481317367,1.0,6822.144,258888.0,144387.69481317367,2273.62464,0.0,False,1,-0.0,
55798.753033680616,3,62,0.0,0.0,89008.36410817421,10162.96838403011,34108.82822734285,133280.1607195472,84000.0,45980.85053830105,-0.0,22194255.161490314,-0.0,263261.01125784824,129980.85053830105,0.0,0.0,0.0,0.0,1306.12608,0.0,False,0,-22.194255828857422,
57104.87911368062,2,63,0.0,0.0,89463.04536756715,9972.615210240887,33820.55439699758,133256.2149748056,84000.0,42036.43770600838,-0.0,21010931.311802514,-0.0,259292.65268081398,126036.43770600838,0.0,0.0,0.0,0.0,835.8336,0.0,False,0,-21.01093101501465,
57940.712713680616,1,64,2916.1718520287222,110663.43636663369,94891.81835942433,9563.104142878781,33635.805140418444,138090.72764272155,0.0,0.0,-0.0,0.0,-0.0,248754.16400935524,110663.43636663369,1.0,6822.144,258888.0,110663.43636663369,468.1152,0.0,False,1,-0.0,
55492.65606165189,0,65,0.0,0.0,94289.04168629115,9295.735461339134,35191.04599428708,138775.82314191735,84000.0,47653.200048949104,-0.0,22695960.01468473,-0.0,270429.02319086646,131653.2000489491,0.0,0.0,0.0,0.0,922.1385599999999,0.0,False,0,-22.695959091186523,
56414.79462165189,1,66,0.0,0.0,92626.97625037367,8700.199318007642,35498.240488386815,136825.41605676812,84000.0,39078.25872282844,-0.0,20123477.616848532,-0.0,259903.67477959656,123078.25872282844,0.0,0.0,0.0,0.0,426.86784,0.0,False,0,-20.123477935791016,
56841.66246165189,0,67,3206.4395880230213,121678.57085164194,94836.57389358795,7972.95051741626,35494.42107808353,138303.94548908772,0.0,0.0,-0.0,0.0,-0.0,259982.51634072966,121678.57085164194,1.0,6822.144,258888.0,121678.57085164194,474.70752,0.0,False,1,-0.0,
54109.93039362887,0,68,3449.7459976128616,130911.60811469218,93489.92244418705,7886.580423981958,30304.0610313741,131680.5638995431,0.0,0.0,-0.0,0.0,-0.0,262592.1720142353,130911.60811469218,1.0,6822.144,258888.0,130911.60811469218,467.99424000000005,0.0,False,1,-0.0,
51128.17863601601,0,69,3394.5117297156917,128815.56775738478,99055.78688356072,7202.4720605141165,23179.4313984164,129437.69034249125,0.0,0.0,-0.0,0.0,-0.0,258253.25809987602,128815.56775738478,1.0,6822.144,258888.0,128815.56775738478,1184.5691686956523,0.0,False,1,-0.0,
48918.23607499597,1,70,3700.3768335115146,140422.5940809999,100802.10191017616,6848.619997839734,24103.361806967885,131754.08371498378,0.0,0.0,-0.0,0.0,-0.0,272176.6777959837,140422.5940809999,0.816892147064209,5572.9558597412115,211483.57416915896,140422.5940809999,465.2726400000001,0.0,False,0,-0.0,
45683.131881484456,0,71,3398.868863509982,128980.91308778769,101712.86540940804,6592.239287264835,35807.85017270486,144112.95486937772,0.0,0.0,-0.0,0.0,-0.0,273093.8679571654,128980.91308778769,1.0,6822.144,258888.0,128980.91308778769,510.63264000000004,0.0,False,1,-0.0,
42794.89565797448,0,72,0.0,0.0,98902.87783107659,6313.8888173883415,37372.87064236574,142589.63729083067,84000.0,56825.9050446779,-0.0,25447771.51340337,-0.0,283415.54233550857,140825.9050446779,0.0,0.0,0.0,0.0,3292.16832,0.0,False,0,-25.447771072387695,
46087.063977974474,2,73,4140.971774947599,157142.37355186787,94681.16623634899,6226.619440106171,37637.072097554694,138544.85777400984,0.0,0.0,-0.0,0.0,-0.0,295687.2313258777,157142.37355186787,1.0,6822.144,258888.0,157142.37355186787,2001.2832,0.0,False,1,-0.0,
43947.375403026876,1,74,4063.8175501029473,154214.5105572459,98082.60288412376,6146.379053501961,37262.135195270515,141491.11713289624,0.0,0.0,-0.0,0.0,-0.0,295705.62769014214,154214.5105572459,0.6034128665924072,4116.569467346191,156216.35020637512,154214.5105572459,763.4995200000001,0.0,False,0,-0.0,
40647.057372923926,0,75,3927.650666691834,149047.22412756394,97729.08333357955,6210.47218626575,37412.81097847418,141352.3664983195,0.0,0.0,-0.0,0.0,-0.0,290399.59062588343,149047.22412756394,1.0,6822.144,258888.0,149047.22412756394,2145.8304,0.0,False,1,-0.0,
38865.23710623209,1,76,0.0,0.0,103119.13665103159,6069.428513861313,38417.16864588663,147605.73381077952,84000.0,60377.25816786126,-0.0,26513177.45035838,-0.0,291982.9919786408,144377.25816786126,0.0,0.0,0.0,0.0,3878.0985600000004,0.0,False,0,-26.5131778717041,
42743.33566623209,2,77,4077.73622899635,154742.69919433055,105982.73087603849,5646.612610231015,38066.60193105314,149695.94541732263,0.0,0.0,-0.0,0.0,-0.0,304438.6446116532,154742.69919433055,1.0,6822.144,258888.0,154742.69919433055,6154.6262400000005,0.0,False,1,-0.0,
44820.225677235736,3,78,5027.23281303056,190774.37364263428,108538.97196199423,6193.824760524929,38806.90781559161,153539.70453811076,0.0,0.0,2.9103830456733704e-11,0.0,0.0,344314.078180745,190774.37364263425,1.0,6822.144,258888.0,190774.37364263425,8809.75872,0.0,False,1,-0.0,
48602.75158420517,4,79,4601.523429164298,174619.47410220114,108987.32106684642,6290.190766913083,38443.79195921555,153721.30379297506,0.0,0.0,-0.0,0.0,-0.0,328340.7778951762,174619.47410220114,1.0,6822.144,258888.0,174619.47410220114,3953.39616,0.0,False,1,-0.0,
47954.62431504087,2,80,4303.691588187542,163317.29554267638,105242.78086242783,6685.458508578522,39103.49393240264,151031.73330340898,0.0,0.0,-0.0,0.0,-0.0,314349.02884608536,163317.29554267638,1.0,6822.144,258888.0,163317.29554267638,3496.16736,0.0,False,1,-0.0,
47147.10008685333,2,81,4498.771992348531,170720.24330696135,106962.96958925872,6647.317372380329,38585.94822061793,152196.235182257,0.0,0.0,-0.0,0.0,-0.0,322916.47848921834,170720.24330696135,0.730247974395752,4981.856837036133,189052.43759536743,170720.24330696135,3446.63424,0.0,False,0,-0.0,
46094.9623345048,2,82,4474.39962455634,169795.35612296397,109441.80592289293,7023.564686972331,38278.57388971208,154743.94449957734,0.0,0.0,2.9103830456733704e-11,0.0,0.0,324539.3006225413,169795.35612296395,1.0,6822.144,258888.0,169795.35612296395,5014.3968,0.0,False,1,-0.0,
46634.959509948465,3,83,4372.58548314664,165931.69398958268,113120.30797449667,6989.011034042092,38268.33307111529,158377.65207965404,0.0,0.0,2.9103830456733704e-11,0.0,0.0,324309.3460692367,165931.69398958265,1.0,6822.144,258888.0,165931.69398958265,3398.7945600000007,0.0,False,1,-0.0,
45661.168586801825,2,84,4419.044428021095,167694.7267430188,114861.06485674516,7118.774618768,38169.509841505685,160149.34931701884,0.0,0.0,-0.0,0.0,-0.0,327844.07606003765,167694.7267430188,1.0,6822.144,258888.0,167694.7267430188,4517.31168,0.0,False,1,-0.0,
45759.43583878073,3,85,4847.168750566277,183941.26882935956,108814.0523399188,7705.7102233774585,37683.6946294219,154203.45719271817,0.0,0.0,-0.0,0.0,-0.0,338144.7260220777,183941.26882935956,1.0,6822.144,258888.0,183941.26882935956,3160.86624,0.0,False,1,-0.0,
44073.133328214455,2,86,3523.452925504092,133708.65243798774,107203.76023211188,8001.380225167574,37474.076294960505,152679.21675223997,0.0,0.0,-0.0,0.0,-0.0,286387.8691902277,133708.65243798774,1.0,6822.144,258888.0,133708.65243798774,4626.72,0.0,False,1,-0.0,
45176.400402710366,3,87,4353.514683308237,165207.99170060072,112030.51419189482,8130.02420678211,36893.56343253513,157054.10183121206,0.0,0.0,-0.0,0.0,-0.0,322262.0935318128,165207.99170060072,1.0,6822.144,258888.0,165207.99170060072,8068.2739200000005,0.0,False,1,-0.0,
48891.159639402125,4,88,3993.7686262546727,151556.28085742836,110973.89708092282,8777.884254768369,35502.399382622796,155254.180718314,0.0,0.0,-0.0,0.0,-0.0,306810.46157574235,151556.28085742836,1.0,6822.144,258888.0,151556.28085742836,8471.79648,0.0,False,1,-0.0,
53369.18749314746,4,89,2975.009537925909,112896.21990602408,113773.15843514317,8886.893265367251,35378.65160160347,158038.7033021139,0.0,0.0,-0.0,0.0,-0.0,270934.923208138,112896.21990602408,1.0,6822.144,258888.0,112896.21990602408,9315.431999999999,0.0,False,1,-0.0,
59709.60995522155,4,90,2787.072234791497,105764.33987917891,112577.72360963479,9004.506799795894,35723.90719650016,157306.13760593085,0.0,0.0,-0.0,0.0,-0.0,263070.47748510976,105764.33987917891,1.0,6822.144,258888.0,105764.33987917891,8887.47552,5810.013240430053,False,1,-6.614384174346924,
60000.0,4,91,3102.212434144195,117723.33926852356,118186.25924482192,9254.235725440987,35121.69811973758,162562.19309000048,0.0,0.0,-0.0,0.0,-0.0,280285.53235852404,117723.33926852356,1.0,6822.144,258888.0,117723.33926852356,10414.77696,7312.564525855807,False,1,-8.324956893920898,
60000.0,4,92,2990.2881821453907,113476.01676236326,108336.85170387033,9678.460335603726,34639.51528125604,152654.82732073008,0.0,0.0,-0.0,0.0,-0.0,266130.84408309334,113476.01676236326,1.0,6822.144,258888.0,113476.01676236326,10706.713920000002,7716.425737854617,False,1,-8.784730911254883,
60000.0,4,93,3456.735212810262,131176.8361638252,108663.71511870055,10409.765215760042,35326.79863828945,154400.27897275003,0.0,0.0,-0.0,0.0,-0.0,285577.11513657524,131176.8361638252,1.0,6822.144,258888.0,131176.8361638252,10714.213440000001,7257.478227189742,False,1,-8.26224422454834,
60000.0,4,94,2840.730621893853,107800.57841652943,108878.7002933889,10653.755954974824,34749.295254014454,154281.75150237817,0.0,0.0,-0.0,0.0,-0.0,262082.3299189076,107800.57841652943,1.0,6822.144,258888.0,107800.57841652943,9708.18912,6867.458498106149,False,1,-7.818228244781494,
60000.0,4,95,2452.019852630022,93049.7092420918,116250.076957951,10576.488115249767,35246.9738075989,162073.53888079966,0.0,0.0,-0.0,0.0,-0.0,255123.24812289147,93049.7092420918,1.0,6822.144,258888.0,93049.7092420918,3438.0460799999996,986.0262273699773,False,1,-1.1225372552871704,
60000.0,2,96,2717.087285885243,103108.53791245961,106513.71437981547,11154.249494448277,35553.02222150454,153220.98609576828,0.0,0.0,-0.0,0.0,-0.0,256329.5240082279,103108.53791245961,1.0,6822.144,258888.0,103108.53791245961,3154.4553600000004,437.36807411475456,False,1,-0.4979197680950165,
60000.0,2,97,3020.029052578926,114604.62889145305,106515.75880933751,11039.051060056594,36267.008777237854,153821.81864663196,0.0,0.0,1.4551915228366852e-11,0.0,0.0,268426.447538085,114604.62889145303,1.0,6822.144,258888.0,114604.62889145303,8826.569530434783,5806.540477855859,False,1,-6.610430717468262,
60000.0,4,98,3717.0787268341446,141056.40066123466,103487.80980180854,11612.816086167502,37251.683659920534,152352.30954789658,0.0,0.0,-0.0,0.0,-0.0,293408.71020913124,141056.40066123466,1.0,6822.144,258888.0,141056.40066123466,8304.450949565216,4587.372222731072,False,1,-5.222473621368408,
60000.0,4,99,3090.607130198104,117282.93901781124,100144.0197643246,11872.972732120117,36983.33958702817,149000.3320834729,0.0,0.0,-0.0,0.0,-0.0,266283.27110128413,117282.93901781124,1.0,6822.144,258888.0,117282.93901781124,7237.533787826086,4146.926657627977,False,1,-4.72105073928833,
60000.0,4,100,3113.547283178605,118153.4762455238,98076.95771169945,11982.5196224322,38137.33284859195,148196.8101827236,1.4551915228366852e-11,0.0,-0.0,1.4551915228366852e-09,-0.0,266350.2864282474,118153.47624552381,1.0,6822.144,258888.0,118153.47624552381,7203.34944,4089.8021568213953,False,1,-4.656017303466797,
60000.0,4,101,4024.7854577110356,152733.31339471793,97987.09121736781,11979.563201491146,38966.081898228746,148932.73631708772,0.0,0.0,-0.0,0.0,-0.0,301666.04971180565,152733.31339471793,1.0,6822.144,258888.0,152733.31339471793,2792.4220800000003,0.0,False,1,-0.0,
58767.63662228896,3,102,3515.4362049751926,133404.43242382712,99944.31313367106,11615.445795526224,38779.85748720626,150339.61641640356,0.0,0.0,-0.0,0.0,-0.0,283744.0488402307,133404.43242382712,1.0,6822.144,258888.0,133404.43242382712,6611.613120000001,1863.8135373137702,False,1,-2.1218502521514893,"[ 1.3971405  -0.49381295 -0.5081255  -0.50850743 -0.49877077  2.037778
 -0.09912616 -0.09912616 -0.09912616 -0.09912616 -0.09912616 -0.09912616
 -0.09912616 -0.09912616 -0.09912616 -0.09912616 -0.09912616 -0.09912616
 -0.09912616 -0.09912616 -0.09912616 -0.09912616 -0.09912616 -0.09912616
 -0.09912616 -0.09912616 -0.09912616 -0.09912616 -0.09912616 -0.09912616
 -0.09912616 -0.09912616 -0.09912616 -0.09912616 -0.09912616 -0.09912616
 -0.09912616 -0.09912616 -0.09912616 -0.09912616 -0.09912616 -0.09912616
 -0.09912616 -0.09912616 -0.09912616 -0.09912616 -0.09912616 -0.09912616
 -0.09912616 -0.09912616 -0.09912616 -0.09892814 -0.09892814 -0.09892814
 -0.09892814 -0.09892814 -0.09892814 -0.09892814 -0.09892814 -0.09892814
 -0.09892814 -0.09892814 -0.09892814 -0.09892814 -0.09892814 -0.09892814
 -0.09892814 -0.09892814 -0.09892814 -0.09892814 -0.09892814 -0.09892814
 -0.09892814 -0.09892814 -0.09892814 -0.09892814 -0.09892814 -0.09892814
 -0.09892814 -0.09892814 -0.09892814 -0.09892814 -0.09892814 -0.09892814
 -0.09892814 -0.09892814 -0.09892814 -0.09892814 -0.09892814 -0.09892814
 -0.09892814 -0.09892814 -0.09892814 -0.09892814 -0.09892814 -0.09892814
 -0.09892814 -0.09892814 -0.09892814 -0.09892814 -0.09892814 -0.09892814
 -0.09892814 -0.09892814 -0.09892814 -0.09892814 -0.09892814 -0.09892814
 -0.09892814 10.        ]"
