tiempo,volumen,hidrologia,volumen_turbinado,energia_hidro,energia_eolica,energia_solar,energia_biomasa,energia_renovable,energia_termico_bajo,energia_termico_alto,energia_exportada,costo_termico,ingreso_exportacion,demanda,demanda_residual,fraccion_turbinado,qt_max_fisico,energia_hidro_max_frac,energia_hidro_obj,aportes,vertimiento,TimeLimit.truncated,action,reward,reward_usd
0,45000.0,2.0,3906.7466796734866,148253.95570766457,89498.12267082525,10847.177165782276,14205.472175438588,114550.77201204612,0.0,0.0,0.0,0.0,0.0,262804.7277197107,148253.95570766457,1.0,6822.144,258888.0,148253.95570766457,1078.5525408,0.0,0.0,1.0,0.0,0.0
1,42171.80586112651,1.77,3726.529890087601,141415.0551769354,92140.0921373727,11271.621322419545,14859.639049122809,118271.35250891506,0.0,0.0,0.0,0.0,0.0,259686.40768585046,141415.0551769354,1.0,6822.144,258888.0,141415.0551769354,1341.4097964521739,0.0,0.0,1.0,0.0,0.0
2,39786.685767491086,1.73,4408.837258702448,167307.3831673678,90659.82803868594,11002.303434923519,14518.368923684202,116180.50039729365,840.0,442.0114523808728,0.0,216603.43571426184,0.0,284769.89501704235,168589.3946197487,0.9516696931421756,6492.427687051735,246375.8635181916,167307.3831673678,1575.032256,0.0,0.0,0.85,-0.21660343170166016,-216603.43170166016
3,36952.880764788635,1.75,5343.436330534484,202773.7240286062,90554.62452678141,10732.967364716962,14566.054130701754,115853.64602220013,2520.0,1688.2477325145412,0.0,758474.3197543625,0.0,322835.61778332083,206981.97176112072,0.972397817671299,6633.837937439346,251742.12622128724,202773.7240286062,1582.41384,0.0,0.0,0.92,-0.7584743118286132,-758474.3118286133
4,33191.858274254155,1.78,4635.843483190223,175921.85794907738,85031.24772094279,10716.475757573358,14637.513606140346,110385.2370846565,0.0,0.0,0.0,0.0,0.0,286307.0950337339,175921.85794907738,0.9959029626846313,6794.193421461182,257827.32620349884,175921.85794907738,1804.1607359999998,0.0,0.0,0.97,0.0,0.0
5,30360.17552706393,1.87,4168.195262993144,158175.455581965,87807.04803662449,10608.470938362425,14628.308548245614,113043.82752323252,0.0,0.0,0.0,0.0,0.0,271219.28310519754,158175.455581965,1.0,6822.144,258888.0,158175.455581965,1906.5043872,0.0,0.0,1.0,0.0,0.0
6,28098.484651270788,1.87,5526.527255436274,209721.69278534525,84982.77061434375,10693.418996498953,14763.392324561397,110439.58193540409,916.2512787763721,0.0,2.7939677238464354e-11,91625.12787763722,0.0,321077.5259995257,210637.94406412158,0.9830713373422623,6706.654225621492,254505.3723818636,209721.6927853452,2089.8307584,0.0,0.0,0.9,-0.09162512540817261,-91625.12540817261
7,24661.788154234513,2.04,3547.3070056105753,134613.87154368343,85986.18983175584,10551.754537368377,15309.599851754383,111847.5442208786,4523.369069120988,1569.7898335487428,0.0,923273.8569767216,0.0,252554.57466723176,140707.03044635316,0.9163967509567738,6251.790596159249,237244.12206169724,134613.87154368343,2091.7425312,0.0,0.0,0.79,-0.9232738578319549,-923273.857831955
8,23206.223679823936,2.0,4040.8828056179786,153344.17857213615,84086.47588357603,10205.677110637433,15594.137738596495,109886.29073280995,2010.211472924705,519.604620990871,0.0,356902.53358973184,0.0,265760.2853988617,155873.99466605173,0.9651573621481657,6584.442507234937,249867.65917181433,153344.17857213615,2084.914944,0.0,0.0,0.89,-0.35690253019332885,-356902.53019332886
9,21250.25581820596,2.04,3598.7254187786,136565.10713006853,87138.50521512776,10242.880464036181,15899.251240350874,113280.63691951481,0.0,0.0,0.0,0.0,0.0,249845.7440495834,136565.10713006853,1.0,6822.144,258888.0,136565.10713006853,2131.9526592,0.0,0.0,1.0,0.0,0.0
10,19783.483058627357,2.03,784.5876717617524,29773.680116845462,88685.74475373808,9824.855155326186,16000.966926315783,114511.56683538007,68841.81545795765,32817.55218527482,0.0,16729447.20137821,0.0,245944.614595458,131433.04776007793,0.16170197673141956,1103.1541703463936,41862.70135204375,29773.680116845462,1959.371795895652,0.0,0.0,0.04,-16.72944779872894,-16729447.798728941
11,20958.267182761258,1.92,3437.998332620605,130465.80552030024,92209.90206906517,9278.029588771047,15795.58666754386,117283.51832538006,1059.1331338163952,0.0,0.0,105913.31338163951,0.0,248808.4569794967,131524.93865411665,0.934208234846592,6371.292538223461,241779.00417164975,130465.80552030024,2170.4318496,0.0,0.0,0.81,-0.1059133130311966,-105913.3130311966
12,19690.70069974065,2.06,3594.581735495503,136407.86185969686,92859.1884018825,9169.003791343186,18456.2665437649,120484.4587369906,0.0,0.0,0.0,0.0,0.0,256892.3205966874,136407.86185969686,1.0,6652.113250843851,252435.6412418827,136407.86185969686,2362.0089024,0.0,0.0,1.0,0.0,0.0
13,18458.127866645147,2.0,1155.890621668688,43863.95409750414,95290.5873260382,8530.480186850396,33050.70162164341,136871.76913453202,45888.9112147883,6191.775300198995,0.0,6446423.711538528,0.0,232816.40974702348,95944.64061249145,0.4380311644822359,2988.311680585499,113401.0121104771,43863.95409750414,2409.0206112,0.0,0.0,0.41,-6.44642350435257,-6446423.50435257
14,19711.25785617646,1.96,361.913904853855,13733.976738076008,99999.6553362952,7882.442787928107,33192.07652152284,141074.17464574613,73602.2303486326,18212.40934095575,0.0,12823945.837149985,0.0,246622.79107341048,105548.61642766435,0.07181665889918804,489.9435886091423,18592.471189092994,13733.976738076008,3043.181232,0.0,0.0,0.0,-12.82394583582878,-12823945.835828781
15,22392.525183322607,2.01,2526.691761527189,95883.37284558211,95416.92842546562,8111.724699108436,33118.516723145774,136647.16984771984,13515.70471381643,3141.988400030803,0.0,2294166.9913908844,0.0,249188.23580714918,112541.06595942932,0.7540398909151554,4934.960511883117,187272.8070530901,95883.37284558211,3189.2736959999997,124.84796149745969,0.0,0.49,-2.4362996566295623,-2436299.6566295624
16,22930.259156297958,1.88,2733.0353398700086,103713.73765611908,100470.00745115177,7424.9501238408375,23369.852297572706,131264.80987256533,13358.32197724051,3415.519270243661,0.0,2360487.97879715,0.0,251752.38877616858,120487.57890360325,0.8869233394414187,5522.32059781447,209562.05775295748,103713.73765611908,3340.9484639999996,295.4169906531552,0.0,0.85,-2.6968041491508483,-2696804.1491508484
17,23242.755289774792,1.81,3101.0571428654303,117679.49805840297,98434.05050166651,6757.079140633997,21224.44183295923,126415.57147525974,8086.11313777468,1328.0061238073488,0.0,1207013.1509196726,0.0,253509.18879524473,127093.617319985,1.0,6049.940645670777,229584.2822837536,117679.49805840297,4018.2503102608694,281.92596087417405,0.0,1.0,-1.5279705452919006,-1527970.5452919006
18,23878.022496296056,2.04,3061.4869445064764,116177.8807497163,98975.04493142635,6723.902763309068,25968.47947897232,131667.42717370772,10021.164501506559,1645.5470237312925,0.0,1495780.5572700438,0.0,259512.0194486619,127844.59227495416,1.0,5830.729929843459,221265.63292673288,116177.8807497163,3863.9928096,311.73792927218966,0.0,1.0,-1.85067720990628,-1850677.20990628
19,24368.790432117392,1.93,3055.0026318740856,115931.81283781437,98037.6221467726,6354.580659707241,34253.7348904101,138645.93769688995,12145.41676660318,2935.6640222402493,0.0,2095240.8833323927,0.0,269658.83132354775,131012.89362665782,1.0,5627.496882935547,213553.30714646567,115931.81283781437,3574.3379966608695,233.29490204789602,0.0,1.0,-2.3608343625068664,-2360834.3625068665
20,24654.83089485628,1.89,1675.1310749396275,63568.18820138805,97409.03202198535,5966.749727093678,35096.533702179564,138472.3154512586,51505.68679812022,28176.431592010093,0.0,13603498.157415051,0.0,281722.62204277696,143250.30659151837,0.36016589801758525,2262.7865892049786,85868.64987108136,63568.18820138805,3922.948687304348,360.75235362092167,0.0,0.11,-14.014195289947093,-14014195.289947093
21,26541.896153600082,2.0,3361.8672994239687,127576.77079423601,98814.04396127017,5886.590321169121,34915.35802257658,139615.99230501588,10998.48535772517,3549.458291878415,0.0,2164686.0233360417,0.0,281740.7067488555,142124.7144438396,0.9704845294356346,5602.520517160305,212605.49933372808,127576.77079423601,4136.695315200001,375.60959915488036,0.0,0.87,-2.592297165393829,-2592297.1653938293
22,26941.11457022123,2.08,3049.8290946973366,115735.48647873806,98220.28704362443,5700.530551199278,35017.87632551271,138938.69392033643,17010.49929862885,4839.881112160917,0.0,3153014.26351116,0.0,276524.56080986426,137585.86688952782,0.8949244445562363,4998.722778748848,189692.46951467625,115735.48647873806,4393.0579392,543.2125885945096,0.0,0.78,-3.771432248353958,-3771432.248353958
23,27741.13082612938,2.22,3312.4367238340787,125700.97004108343,98854.63909287954,5691.159953817383,35550.51846960261,140096.31751629955,10228.79021671983,2055.059523251773,0.0,1639396.8786475149,0.0,278081.1372973546,137984.81978105503,0.965664588212967,5583.97401711794,211901.6932717382,125700.97004108343,4535.114046886957,581.4435671151401,0.0,0.88,-2.3013387805223466,-2301338.7805223465
24,28382.36458206712,2.11,2455.8024441930056,93193.25173614612,104690.69883044781,5569.164730104099,36640.267961321035,146900.13152187294,34890.19359082036,15342.198228531917,0.0,8091678.827641612,0.0,290325.77507737133,143425.6435554984,0.5467899860441685,3558.6570156274956,135044.5838524914,93193.25173614612,5013.393042365217,547.406164583112,0.0,0.27,-8.71487106859684,-8714871.06859684
25,30392.54901565622,2.24,4530.6362479034115,171929.43405287524,104382.0148129037,5429.313546577172,36310.39745348857,146121.72581296944,8016.814570264321,3457.6928316204326,0.0,1838989.306512562,0.0,329525.6672677294,183403.94145475997,1.0,6239.680342583309,236784.55988772848,171929.43405287524,4827.5789184,269.3888533118287,0.0,1.0,-2.1456738698668776,-2145673.869866878
26,30420.102832840977,2.06,4138.5410452552,157050.13176561915,106816.05281652318,5738.184090648205,34600.92987232152,147155.16677949292,7768.418416776055,1849.2583706282148,0.0,1331619.3528660699,0.0,313822.97533251636,166667.80855302344,0.9777183514833451,6164.736426957034,233940.57412186734,157050.13176561915,4973.911488000001,405.2011484181978,0.0,0.86,-1.7929188311845063,-1792918.8311845064
27,30850.272127167584,2.15,3967.577684997425,150562.38210650688,105570.85574992996,5961.318488980014,35113.18863366362,146645.3628725736,9938.295660884749,2110.5464076727226,0.0,1626993.4883902916,0.0,309256.58704763796,162611.22417506436,1.0,6107.288786085244,231760.54027180266,150562.38210650688,4646.5828416,418.8155784755831,0.0,1.0,-2.103792241513729,-2103792.241513729
28,31110.461705294572,2.07,3801.6980295672124,144267.549831636,108730.43283364398,5763.893484376083,34304.426268943746,148798.75258696382,8672.810573864881,465.73044919006674,0.0,1007000.1921435082,0.0,302204.84344165475,153406.09085469093,1.0,6143.585374145349,233137.9300029054,144267.549831636,4319.3189088,370.6061894506017,0.0,1.0,-1.428915159702301,-1428915.159702301
29,31257.47639507676,2.07,3988.7924116973295,151367.442534121,105710.5229317552,6405.6144499270995,34658.5686623392,146774.7060440215,9344.026445574145,2599.724974103239,0.0,1714320.1367883862,0.0,310085.89999781986,163311.19395379836,1.0,6115.175979977993,232059.84498488196,151367.442534121,4679.4591648000005,341.8783342822128,0.0,1.0,-2.1035300329327584,-2103530.0329327583
30,31606.264813897218,2.26,3912.613105117658,148476.5759206637,106832.62021303737,6755.8492638160105,35019.157293632656,148607.62677048604,10162.962403713567,2612.676076972547,0.0,1800099.0634631207,0.0,309859.84117183584,161252.2144013498,1.0,6122.92548879172,232353.9247987599,148476.5759206637,4505.9347872,388.1935350180653,0.0,1.0,-2.2420363622903823,-2242036.3622903824
31,31811.392960961493,2.21,3854.2488035522656,146261.75645867913,112963.317808136,6912.495966710932,34636.09143758985,154511.90521243677,10246.960847770035,2314.065749503856,0.0,1718915.8096281602,0.0,313334.6882683898,158822.783055953,1.0,6130.338139106124,232635.22144312784,146261.75645867913,4167.0254304,280.284358188075,0.0,1.0,-2.038004304096103,-2038004.304096103
32,31843.88522962115,2.1,3996.5220685723866,151660.769002907,111681.42711469864,6849.887804579319,34441.76708218248,152973.08200146045,12957.169521637075,5869.811381752253,0.0,3056660.3666893835,0.0,323460.8319077568,170487.74990629635,0.8734682033583522,5874.450210372282,222924.73833194657,151660.769002907,3994.5425183999996,251.9702160569186,0.0,0.79,-3.3435147339105606,-3343514.7339105606
33,31589.935463391845,2.12,2436.8993551131734,92475.91376648443,107779.19993502216,7307.814717086225,32995.00888109761,148082.023533206,20401.505557383833,7326.242569210408,0.0,4238023.326501506,0.0,268285.6854262847,120203.66189307868,0.6890745551511646,4700.965841977187,178393.1334339747,92475.91376648443,3729.6225792,253.7659865761212,0.0,0.5,-4.526922146677971,-4526922.146677971
34,32628.892700902554,2.02,3946.9440369754607,149779.37256154415,108649.10494879777,7909.894347552579,32997.27884153994,149556.27813789027,8141.332951333652,370.2880874494405,2.3865140974521636e-11,925219.7213681974,0.0,307847.2717382175,158290.99360032723,0.9241043080389499,5866.08756801372,222607.39121131654,149779.37256154415,3882.4005024000003,216.95744227233175,0.0,0.78,-1.1722139794379474,-1172213.9794379473
35,32347.391724054756,2.04,3472.219371580384,131764.43192487617,109305.83774373586,7929.533467364118,32767.710565039084,150003.08177613906,9789.410932864439,1100.4857629272074,0.0,1309086.822164606,0.0,292657.4103968069,142654.32862066783,1.0,6091.0125764558825,231142.88761619668,131764.43192487617,4034.1006720000005,283.1240622691571,0.0,1.0,-1.631408131532371,-1631408.131532371
36,32626.14896220522,2.1,2445.975418608417,92820.33392621086,114300.00672391738,8524.156211579264,32083.372775819946,154907.5357113166,9107.316947248604,554.4634290760663,0.0,1077070.7234476802,0.0,257389.6500138521,102482.11430253554,0.8985612044483423,5737.70048139221,217735.33396930152,92820.33392621086,4264.5125376,419.24704789145466,0.0,0.81,-1.5543606996536254,-1554360.6996536255
37,34025.439033305345,2.15,2389.8600419887534,90690.857089851,116709.7919183677,8237.11335634511,32138.75473695297,157085.6600116658,1881.921063679941,0.0,0.0,188192.1063679941,0.0,249658.43816519674,92572.77815353093,1.0,6370.799023179566,241760.27617020562,90690.857089851,4482.7382880000005,561.966817068665,0.0,1.0,-0.8279607644677163,-827960.7644677162
38,35556.35046224793,1.94,2861.1654433032754,108576.04285190966,116894.20438616359,8752.13665806451,31710.193294999768,157356.53433922786,649.270569586329,0.0,0.0,64927.0569586329,0.0,266581.84776072385,109225.31342149599,1.0,6488.656755248129,246232.7634908729,108576.04285190966,4671.9396864,552.7791582581684,0.0,1.0,-0.6942360782623291,-694236.0782623291
39,36814.34554708649,1.86,2655.175061686121,100759.08121696001,110322.89665027641,9054.746042873534,31879.889942467347,151257.5326356173,650.3443452875035,0.0,0.0,65034.434528750346,0.0,252666.95819786482,101409.42556224752,0.9767997455596924,6540.397066090184,248196.21451056376,100759.08121696001,4773.702729600001,629.6902242162403,0.0,0.9,-0.7819025222957134,-781902.5222957134
40,38303.182990784124,1.8,3187.5429799473686,120961.47882434238,108176.90193784745,9864.239537116413,31227.34317938806,149268.48465435192,1553.8208091038011,0.0,0.0,155382.08091038011,0.0,271783.7842877981,122515.2996334462,1.0,6586.174214870442,249933.37433794697,120961.4788243424,5124.4933824,786.6786777479414,0.0,1.0,-1.050972984135152,-1050972.984135152
41,39453.45471548882,1.85,2660.9987140076014,100980.07826747719,104422.57659378197,10529.749504988575,31504.85887353122,146457.18497230177,1249.767856046125,0.0,0.0,124976.7856046125,0.0,248687.03109582505,102229.8461235233,1.0,6610.229589116075,250846.23219138768,100980.07826747719,5071.075632,1136.0433479529984,0.0,1.0,-1.4183003913611174,-1418300.3913611174
42,40727.48828552822,1.92,1701.9700415387967,64586.67833952143,107996.14741250093,10636.545500075908,30752.21296938665,149384.9058819635,25335.979140535186,2538.2817771671225,0.0,3295082.4472036557,0.0,241845.84513918724,92460.93925722374,0.6908971923589706,4713.400135468597,178864.99233542918,64586.67833952143,4931.923248,1517.9270478204855,0.0,0.67,-5.023159941509366,-5023159.941509366
43,42439.514444168926,2.1,2432.264817398752,92300.04146009349,108368.1616263384,10773.160558117665,31590.321507513345,150731.6436919694,0.0,0.0,0.0,0.0,0.0,243031.68515206288,92300.04146009349,0.9878201955556869,6691.95054793206,253947.39446324133,92300.04146009349,4568.774453843478,1658.753884004538,0.0,0.94,-1.888401077389717,-1888401.077389717
44,42917.27019660911,2.1,2863.0046706664853,108645.83819683448,102923.50995295042,10848.061603908141,32262.107988332133,146033.67954519068,244.15342152038704,0.0,0.0,24415.342152038706,0.0,254923.67116354554,108889.99161835486,0.9297101184725761,6276.5337543377245,238183.08006881486,108645.83819683448,4372.2612864,1403.846600209337,0.0,0.76,-1.6226183742284774,-1622618.3742284775
45,43022.680212133295,2.07,1597.7908083067587,60633.265258094834,104473.43194198544,10923.442250445485,32514.580538018447,147911.4547304494,46686.42986722274,24251.552162689102,0.0,11944108.635529004,0.0,279482.70201845607,131571.24728800668,0.4116332941874862,2808.2216081413935,106566.92026560992,60633.265258094834,3654.358348382609,843.5736608758784,0.0,0.33,-12.904470972567797,-12904470.972567797
46,44235.67409133327,2.05,2774.4409050464246,105285.00380901646,104133.89710660212,11090.618849065764,32307.283140690088,147531.79909635798,0.0,0.0,0.0,0.0,0.0,252816.80290537444,105285.00380901646,1.0,6774.266158838719,257071.12270415845,105285.00380901646,3151.186310817391,932.6968778002259,0.0,1.0,-1.0618246722221374,-1061824.6722221375
47,43679.72261930401,2.01,1134.2746985812405,43043.66899413149,101779.74723093813,11212.704877708187,34387.941797698426,147380.39390634475,50110.683577532545,12347.936428079805,0.0,8715449.286177196,0.0,252882.6829060886,105502.28899974385,0.3597708762437105,2454.4087247407724,93140.36260898173,43043.66899413149,2580.648151930435,669.4162070250317,0.0,0.28,-9.47754340827465,-9477543.40827465
48,44456.679865628175,1.97,3725.1920628289618,141364.28705721608,99174.28621582552,11568.319282368751,35193.49844685015,145936.10394504442,299.7605161034738,0.0,0.0,29976.05161034738,0.0,287600.151518364,141664.04757331955,1.0,6754.533642181489,256322.3094612311,141364.28705721608,2410.4993472,372.97694292932516,0.0,1.0,-0.4545900225639343,-454590.0225639343
49,42769.01020706988,1.92,3231.776859611405,122640.07438586425,99338.40944907123,11291.319964265569,34924.236809625756,145553.96622296254,1680.0,107.73189469817603,0.0,200319.5684094528,0.0,269981.77250352496,124427.80628056244,1.0,6594.884872321596,250263.92800058064,122640.07438586425,2408.1587712,331.52536080192624,0.0,1.0,-0.5777431774139404,-577743.1774139404
50,41613.86675785656,2.01,485.94427852505646,18440.70461995449,97313.17091924296,11329.20102259438,35295.99925486828,143938.37119670562,74669.6301199172,35892.49954025964,0.0,18234712.874069612,0.0,272941.20547683694,129002.83428013133,0.08313540011644363,562.5351060584643,21347.18770774462,18440.70461995449,2276.899632,914.1279635068532,0.0,0.0,-19.275397827029227,-19275397.82702923
51,42490.694147824644,1.95,3584.301675583896,136017.75221815368,94055.30850885547,11043.135413804714,35184.48269391482,140282.926616575,4602.172711772941,667.3422593272718,0.0,660419.9489754756,0.0,281570.19380582887,141287.26718925388,0.9232435822486877,6216.508390742279,235905.22631338282,136017.75221815368,2320.1633952,363.1017278095089,0.0,0.79,-1.0737915277481078,-1073791.527748108
52,40863.45413963124,1.98,2656.633047080293,100814.40912014213,92467.96306251167,11350.593319777001,36432.24441620002,140250.8007984887,24621.43491870655,12842.660330835502,0.0,6314941.591121305,0.0,278529.30516817287,138278.50436968417,0.6400473759323358,4324.911160556861,164122.5398546622,100814.40912014213,2116.5949728,291.6276624461514,0.0,0.43,-6.646943923830986,-6646943.923830986
53,40031.7884029048,2.04,1788.2411074300658,67860.50892803712,92077.1464552851,11269.442481945203,36251.92264326596,139598.51158049627,43686.40592304119,22125.835038141337,0.0,11006391.103746522,0.0,273271.2614697159,133672.74988921965,0.4437680285051465,3027.4493930582144,114886.21736364037,67860.50892803712,1931.1688937739132,166.93649210042625,0.0,0.32,-11.196439073551446,-11196439.073551446
54,40007.77969714822,1.95,4066.81057174813,154328.09030397626,90611.44799048475,11377.655082999983,36257.837276160855,138246.94034964562,4529.674999593135,1682.313051212555,0.0,957661.4153230798,0.0,298787.0187044276,160540.07835478196,1.0,6502.949220702622,246775.13665048123,154328.09030397626,2018.1226464000001,98.99908904129246,0.0,1.0,-1.0703664922714233,-1070366.4922714233
55,37860.09268275879,1.93,5020.097902162986,190503.61670688444,88359.82409203946,11416.239695997296,35889.021960530175,135665.08574856693,5319.47294500525,6020.562028481866,2.677552402019501e-11,2338115.903045085,0.0,337508.73742893845,201843.65168037155,1.0,6399.79626868484,242860.66908105146,190503.61670688438,1796.7803615999999,0.0,0.0,1.0,-2.3381159037351607,-2338115.903735161
56,34636.77514219581,1.91,4064.2081634653546,154229.33362638182,86433.12223115127,11103.806498983271,36190.64757729516,133727.57630742973,7506.173943055552,4887.625790034328,2.648448571562767e-11,2216905.1313158534,0.0,300350.7096669014,166623.13335947166,1.0,6257.017007527807,237442.45490052085,154229.33362638176,1947.7886399999998,32.0885847258925,0.0,1.0,-2.253436240851879,-2253436.240851879
57,32488.267034004562,1.93,3540.34482538437,134349.6694227077,83446.21612304743,11016.43924945665,36716.177360995935,131178.8327335,15081.119777346898,4393.263832768263,0.0,2826091.127565169,0.0,285002.88576632284,153824.05303282285,0.8637796980515122,5478.022669948069,207881.0316782401,134349.6694227077,2137.6087488000003,44.67143668483121,0.0,0.64,-2.8769471329450607,-2876947.1329450607
58,31040.859520735357,1.98,4102.128432447593,155668.3391056378,86948.75525617333,11243.952255964494,36381.77820882268,134574.4857209605,15640.883166301988,11073.662500673241,0.0,4886187.066832172,0.0,316957.37049357354,182382.88477261306,0.8720098772272468,5638.000178095988,213951.88816109922,155668.3391056378,2078.3419776,28.742556368948136,0.0,0.76,-4.918908808231354,-4918908.808231354
59,28988.33050951882,1.98,3143.4340964555,119287.62664100487,86270.37463503586,11112.640300029936,36456.29165863506,133839.30659370084,10660.629062014967,1723.0615054587356,0.0,1582981.3578391173,0.0,265510.6238021794,131671.31720847858,1.0,5939.397625299495,225389.3750144435,119287.62664100487,1971.9334656,57.00337323967746,0.0,1.0,-1.64787660241127,-1647876.6024112701
60,27759.82650542364,1.98,3452.541849804778,131017.705638031,85204.61999868434,10813.929831108317,36624.74911774642,132643.29894753906,13461.502714602744,4850.23446660036,0.0,2801220.6114403824,0.0,281972.74176677316,149329.4428192341,0.9633291712403298,5685.905473237966,215769.80728574927,131017.705638031,1832.7266496,20.495124509234884,0.0,0.87,-2.8245532417297365,-2824553.2417297363
61,26119.51618070963,1.83,2622.672155198091,99525.65482565647,88086.69888007017,10519.022792061409,36456.39532520748,135062.11699733906,32086.27465945879,12775.765328058407,0.0,7041357.064363401,0.0,279449.81181051274,144387.69481317367,0.6204911289736629,4002.2975854563583,151879.93940081383,99525.65482565647,2013.0326496,23.38655402394732,0.0,0.37,-7.067981262803078,-7067981.262803078
62,25486.49012108759,1.89,12.223954468631746,463.876916769147,89008.3641081742,10162.96838403011,34108.82822734285,133280.1607195472,84000.0,45516.9736215319,0.0,22055092.08645957,0.0,263261.01125784824,129980.85053830106,0.001791805401444435,12.223954468631746,463.876916769147,463.876916769147,1834.3178784000002,117.04859585777777,0.0,0.0,-22.188346176147462,-22188346.17614746
63,27191.53544916118,1.9,0.0,0.0,89463.04536756715,9972.615210240887,33820.55439699758,133256.2149748056,84000.0,42036.43770600838,0.0,21010931.311802514,0.0,259292.65268081398,126036.43770600838,0.0,0.0,0.0,0.0,1872.2981088000001,199.24071589771972,0.0,0.0,-21.237755756378174,-21237755.756378174
64,28864.592842063463,1.84,2750.068647864643,104360.12082248362,94891.81835942432,9563.104142878781,33635.805140418444,138090.72764272155,5741.967490620914,561.3480535291467,0.0,742601.1651208353,0.0,248754.16400935524,110663.43636663369,0.9263373705744743,5853.484886807615,222129.1423012839,104360.12082248362,2048.0227488,127.24054221830673,0.0,0.87,-0.8874576038122177,-887457.6038122177
65,28035.30640078051,1.8,727.1971306896645,27595.813100688854,94289.04168629115,9295.735461339134,35191.04599428708,138775.82314191735,66974.91247678117,37082.474471479065,0.0,17822233.589121837,0.0,270429.02319086646,131653.2000489491,0.16848186735063791,1149.4075604549505,43617.93367467195,27595.813100688854,2190.8873952,105.05614983818101,0.0,0.07,-17.941833616793154,-17941833.616793156
66,29393.940515452665,1.78,55.48625177152169,2105.6026886306863,92626.97625037367,8700.199318007642,35498.240488386815,136825.41605676812,82694.22778511333,38278.428249084434,0.0,19752951.253236663,0.0,259903.67477959656,123078.25872282844,0.008303625360131264,56.648527928867345,2149.7089622336625,2105.6026886306863,2391.4058112,425.9791867678556,0.0,0.0,-20.237905702590943,-20237905.702590942
67,31303.880888113286,1.69,3106.382822620187,117881.59795256374,94836.57389358795,7972.95051741626,35494.42107808353,138303.94548908772,3796.972899078202,0.0,0.0,379697.2899078202,0.0,259982.51634072966,121678.57085164193,1.0,6338.018767970098,240516.32489760447,117881.59795256374,2789.4307392,301.935947447605,0.0,1.0,-0.7234349536895752,-723434.9536895752
68,30684.992857245496,1.7,3183.8196006003295,120820.18332656394,93489.92244418705,7886.580423981958,30304.0610313741,131680.5638995431,8776.480637919787,1314.9441502084537,0.0,1272131.3088545147,0.0,262592.1720142353,130911.60811469218,1.0,6094.382182163478,231270.7580455556,120820.18332656394,3545.643024,489.055340070286,0.0,1.0,-1.8288942432403565,-1828894.2432403564
69,30557.760940574877,1.95,3086.3254225071314,117120.45597132314,99055.78688356072,7202.4720605141165,23179.4313984164,129437.69034249125,10404.684130450203,1290.4276556114385,0.0,1427596.709728452,0.0,258253.258099876,128815.56775738478,0.9984008157253266,5960.5181583740205,226190.86096469575,117120.45597132314,3747.869237426087,532.408172587439,0.0,0.99,-2.033714458346367,-2033714.4583463669
70,30686.896582906396,1.89,2830.632326369764,107417.36640405355,100802.10191017616,6848.619997839734,24103.36180696789,131754.08371498378,25462.09436804529,7543.133308901053,0.0,4809149.4294748455,0.0,272176.6777959837,140422.5940809999,0.7641909221187234,4374.511830445592,166004.79537816826,107417.36640405355,3547.4519808,300.61383870862915,0.0,0.53,-5.151381990611553,-5151381.990611553
71,31103.102398628,1.87,2922.295580492683,110895.82076288474,101712.86540940804,6592.239287264835,35807.85017270486,144112.95486937772,14790.213828160671,3294.8784967422707,0.0,2467484.9318387485,0.0,273093.8679571654,128980.91308778769,0.8882172898948193,5229.087336078399,198434.38694091834,110895.82076288474,3456.8427906782613,539.4858080263328,0.0,0.77,-3.081660249233246,-3081660.249233246
72,31098.163800787246,1.83,1787.4803544607262,67831.63973167798,98902.87783107659,6313.888817388342,37372.87064236574,142589.63729083067,44912.94804496532,28081.317268034603,0.0,12915689.984906914,0.0,283415.54233550857,140825.9050446779,0.4579316186904907,3122.298110498171,118485.55428185778,67831.63973167798,4129.822788730435,402.20984015739384,0.0,0.41,-13.373583790063858,-13373583.790063858
73,33038.29639489956,2.06,3993.4922026988083,151545.79108448737,94681.16623634899,6226.619440106171,37637.072097554694,138544.85777400984,4990.016236768658,606.5662306118254,0.0,680971.4928604135,0.0,295687.2313258777,157142.37355186787,1.0,6326.556628595445,240081.35748289948,151545.79108448737,4308.2002656,354.9371733279274,0.0,1.0,-1.0850481736660003,-1085048.1736660004
74,32998.067284472825,2.12,3372.3540487298324,127974.7239236769,98082.60288412376,6146.379053501961,37262.135195270515,141491.11713289624,18896.61102585189,7343.17560771711,0.0,4092613.784900322,0.0,295705.62769014214,154214.5105572459,0.8133873005211353,5106.843894371431,193795.46988835634,127974.7239236769,4005.5740704,420.3937595692234,0.0,0.65,-4.571209244728088,-4571209.244728088
75,33210.893546573774,2.03,3746.3078445096694,142165.59270068462,97729.08333357955,6210.47218626575,37412.81097847418,141352.3664983195,5477.420776670387,1404.2106502089405,0.0,969005.2727297208,0.0,290399.59062588343,149047.22412756394,1.0,6288.121787582661,238622.82492772068,142165.59270068462,4504.541748730435,703.5114891434871,0.0,1.0,-1.7699148547649384,-1769914.8547649384
76,33265.61596165105,2.09,2368.5434477397,89881.9309733766,103119.13665103159,6069.428513861314,38417.16864588663,147605.73381077952,34074.64125717392,20420.685937310747,0.0,9533669.906910617,0.0,291982.9919786408,144377.25816786126,0.5689652784541249,3881.5630606141376,147298.2830084315,89881.9309733766,4949.819253704348,520.6012246534781,0.0,0.37,-10.126346235349775,-10126346.235349774
77,35326.29054296222,2.19,4023.4138330352753,152681.262724275,105982.73087603849,5646.612610231015,38066.60193105314,149695.94541732263,2061.436470055555,0.0,0.0,206143.64700555557,0.0,304438.6446116532,154742.69919433055,1.0,6603.157137778707,250577.84548160425,152681.262724275,4922.824032,407.8912779640253,0.0,1.0,-0.6705056974291801,-670505.6974291801
78,35817.80946396292,2.1,4840.582210648726,183691.32157726772,108538.97196199423,6193.824760524929,38806.90781559161,153539.70453811076,4878.0859834909825,2204.966081875583,2.735760062932968e-11,1149298.422911773,0.0,344314.078180745,190774.37364263425,1.0,6512.5214888412875,247138.386877079,183691.3215772677,4845.8553696,242.3738168369187,0.0,1.0,-1.425227820985019,-1425227.8209850192
79,35580.70880607727,2.08,4435.697667869465,168326.6870120874,108987.32106684642,6290.190766913083,38443.79195921555,153721.30379297506,4804.9806240222215,1487.806466091518,0.0,926840.0022296774,0.0,328340.7778951762,174619.47410220111,1.0,6453.041396298515,244881.225169819,168326.6870120874,4565.0824128,377.982694082236,0.0,1.0,-1.357152755111456,-1357152.755111456
80,35332.110856925574,2.05,4063.70105664374,154210.0898416076,105242.78086242783,6685.458508578523,39103.49393240264,151031.73330340898,8775.91576468331,331.2899363854423,0.0,976978.5573839637,0.0,314349.02884608536,163317.29554267638,0.8929016852378845,5816.17759779422,220713.3983008494,154210.0898416076,4219.7010912,556.6506003114857,0.0,0.68,-1.6106950033456087,-1610695.0033456087
81,34931.46029117035,2.02,3056.080909757675,115972.73152917103,106962.96958925872,6647.31737238033,38585.94822061793,152196.235182257,30514.638298756814,24232.87347903352,0.0,10321325.873585736,0.0,322916.47848921834,170720.24330696135,0.6157142014801502,4200.490945342598,159401.01819279313,115972.73152917103,4228.2408672,543.3076445204119,0.0,0.43,-10.939852074384689,-10939852.07438469
82,35560.312604092265,2.02,4440.077924832368,168492.90982482958,109441.80592289293,7023.564686972331,38278.57388971208,154743.94449957734,1302.4462981343784,0.0,2.7939677238464354e-11,130244.62981343786,0.0,324539.3006225413,169795.35612296395,1.0,6614.352239919932,251002.67931729258,168492.90982482955,4206.0834144,373.8730541621125,0.0,1.0,-0.5558787676692009,-555878.7676692009
83,34952.44503949778,2.06,4199.279447325338,159355.0440388186,113120.30797449667,6989.011034042092,38268.33307111529,158377.65207965404,6073.499182612903,503.1507681511619,2.6193447411060334e-11,758295.1487066388,0.0,324309.3460692367,165931.69398958265,0.9697348752617836,6313.3558956676825,239580.41359396913,159355.0440388186,3719.0742624,211.81338382188775,0.0,0.87,-0.9994331586360932,-999433.1586360931
84,34260.42647075056,1.84,3160.238092135474,119925.30782064534,114861.06485674516,7118.774618768,38169.509841505685,160149.34931701884,24745.588864880327,23023.83005749314,0.0,9381707.903735977,0.0,327844.07606003765,167694.7267430188,0.7011180093884468,4783.128021041336,181511.03921455622,119925.30782064534,3704.26392,192.2518169176796,0.0,0.64,-9.600576415732503,-9600576.415732503
85,34612.20048169741,1.92,4722.174640673519,179197.96890459745,108814.0523399188,7705.7102233774585,37683.6946294219,154203.45719271817,4321.424916268552,421.8750084935315,0.0,558704.9941749148,0.0,338144.7260220777,183941.26882935956,0.9920014595985412,6508.561729332789,246988.12118060052,179197.96890459745,3507.1420608,164.21203160611614,0.0,0.97,-0.7456514477729798,-745651.4477729797
86,33232.95587021777,1.83,3403.8341414286588,129169.33638547978,107203.76023211186,8001.380225167575,37474.076294960505,152679.21675223997,4389.558544173739,149.7575083342228,0.0,483883.1069176408,0.0,286387.8691902277,133708.65243798774,1.0,6364.111261708171,241506.4877436045,129169.33638547978,3818.91888,259.09605022693984,0.0,1.0,-0.7788498848676682,-778849.8848676682
87,33388.94455856217,2.04,3639.370242491318,138107.504523225,112030.51419189484,8130.02420678211,36893.56343253513,157054.10183121206,17354.755961034254,9745.731216341459,0.0,4659194.961005864,0.0,322262.0935318128,165207.99170060072,0.8115060710161924,5536.211273346691,210089.18371324003,138107.504523225,3697.83792,180.82011743790383,0.0,0.76,-4.865048861205578,-4865048.861205578
88,33266.59211863295,1.88,3883.5356804873545,147373.1403573437,110973.89708092282,8777.884254768369,35502.399382622796,155254.180718314,3938.6202323609323,244.5202677237193,0.0,467218.103553209,0.0,306810.46157574235,151556.28085742836,0.9620440155267715,6367.767936320754,241645.2519176094,147373.1403573437,3981.5308512,246.77191384120255,0.0,0.87,-0.7481545054912567,-748154.5054912567
89,33117.81537550439,1.91,2497.4033803833604,94771.93186492214,113773.15843514315,8886.893265367251,35378.65160160347,158038.7033021139,14776.446200049912,3347.841841052028,0.0,2481997.1723205997,0.0,270934.923208138,112896.21990602408,0.789369857572019,5368.698312815805,203732.3704700836,94771.93186492214,4523.55624,345.182659323448,0.0,0.72,-2.8749689319729805,-2874968.9319729805
90,34798.78557579758,1.92,2787.072234791497,105764.33987917891,112577.72360963479,9004.506799795894,35723.90719650016,157306.13760593085,0.0,0.0,0.0,0.0,0.0,263070.47748510976,105764.33987917891,0.9869563114643097,6627.209034259062,251490.57136015603,105764.33987917891,4915.6166304,769.8086202281407,0.0,0.94,-0.876385261118412,-876385.261118412
91,36157.521351177944,1.97,3102.2124341441945,117723.33926852356,118186.25924482192,9254.235725440987,35121.69811973758,162562.19309000048,0.0,0.0,0.0,0.0,0.0,280285.53235852404,117723.33926852356,1.0,6726.019896434561,255240.26448989502,117723.33926852356,5354.37,919.0737732408461,0.0,1.0,-1.0463154873251914,-1046315.4873251914
92,37490.605143792905,2.01,2300.6776569679396,87306.5472169916,108336.85170387033,9678.460335603726,34639.51528125604,152654.82732073008,19615.93366955732,6553.5358758143475,0.0,3927654.1297000367,0.0,266130.84408309334,113476.01676236326,0.7259891268983484,4952.802366134806,187949.8730844596,87306.5472169916,5003.5533408,993.4216046426319,0.0,0.64,-5.0586106985807415,-5058610.698580742
93,39200.05922298233,1.8,3456.735212810262,131176.8361638252,108663.71511870055,10409.765215760042,35326.79863828945,154400.27897275003,0.0,0.0,0.0,0.0,0.0,285577.11513657524,131176.8361638252,1.0,6822.144,258888.0,131176.8361638252,5056.6638528,1002.493060591255,0.0,1.0,-1.1412838351726533,-1141283.8351726532
94,39797.49480238082,1.94,2470.4790391114657,93750.20191269623,108878.7002933889,10653.755954974824,34749.295254014454,154281.75150237817,12206.751857777517,1843.6246460556806,0.0,1773762.579594456,0.0,262082.3299189076,107800.57841652943,0.7608002043887973,5190.288549569807,196962.04331380696,93750.20191269623,4815.925632,1087.1195265249185,0.0,0.5,-3.011389039158821,-3011389.039158821
95,41055.82186874443,2.06,2452.019852630022,93049.7092420918,116250.07695795101,10576.488115249767,35246.9738075989,162073.53888079966,0.0,0.0,0.0,0.0,0.0,255123.2481228915,93049.7092420918,0.990650689303875,6731.417815669394,255445.10574139425,93049.7092420918,4888.312513669565,1327.3715841730889,0.0,0.97,-1.5111403608322143,-1511140.3608322144
96,42164.74294561088,2.17,2717.0872858852435,103108.53791245962,106513.71437981547,11154.249494448277,35553.02222150454,153220.98609576828,0.0,0.0,0.0,0.0,0.0,256329.5240082279,103108.53791245962,1.0,6772.1621845714135,256991.2806940639,103108.53791245962,4537.9559232,1091.2818868381737,0.0,1.0,-1.2423650905489922,-1242365.0905489922
97,42894.329696087465,2.22,3011.3050268331704,114273.56792626862,106515.75880933751,11039.051060056594,36267.008777237854,153821.81864663196,331.0609651844301,0.0,1.4406396076083183e-11,33106.09651844301,0.0,268426.447538085,114604.62889145303,0.998405499458313,6720.950435887229,255047.88765027135,114273.5679262686,3995.7163563130434,955.9837803937629,0.0,0.97,-1.1214416652917862,-1121441.6652917862
98,42922.757245173576,2.15,3487.189417937485,132332.51805165643,103487.80980180854,11612.816086167502,37251.683659920534,152352.30954789658,6234.467838509311,2489.414771068921,0.0,1370271.2151716074,0.0,293408.71020913124,141056.40066123466,0.9105685501545667,6212.029771025676,235735.2708124155,132332.51805165643,3194.088403617391,483.72126121539446,0.0,0.86,-1.9209615524113177,-1920961.5524113178
99,42145.934969638096,2.02,3075.204496742027,116698.43699466765,100144.0197643246,11872.972732120117,36983.33958702817,149000.3320834729,584.502023143586,0.0,0.0,58450.2023143586,0.0,266283.27110128413,117282.93901781124,1.0,6698.539117857884,254197.41875046786,116698.43699466765,2896.085273321739,561.8570567312338,0.0,1.0,-0.6980939340591431,-698093.9340591431
100,41404.958689486564,2.12,3065.4032345924643,116326.49686039666,98076.95771169946,11982.5196224322,38137.33284859195,148196.8101827236,1709.5847120336152,117.39467309353597,0.0,206176.87313142233,0.0,266350.2864282474,118153.47624552381,1.0,6642.006369693558,252052.1034204534,116326.49686039667,2800.2161376,428.6084053800088,0.0,1.0,-0.6941242325305952,-694124.2325305952
101,40711.16318711409,2.05,3954.503610956815,150066.24469278104,97987.09121736782,11979.563201491146,38966.081898228746,148932.73631708772,1680.0,987.0687019369117,0.0,464120.61058107344,0.0,301666.04971180565,152733.31339471793,0.9997908419370651,6626.022049719575,251445.52744823345,150066.24469278104,2722.2410879999998,390.6196164588032,0.0,0.98,-0.9088198161125183,-908819.8161125183
102,39088.281047698474,2.04,2906.3713430623575,110291.52481429996,99944.31313367106,11615.445795526226,38779.85748720626,150339.61641640356,14809.781000459136,8303.126609068018,0.0,3971916.0827663196,0.0,283744.0488402307,133404.43242382712,0.7995681291073561,5438.814900969995,206393.16790767238,110291.52481429996,2383.4375712,353.1531419089076,0.0,0.67,-4.373961871862411,-4373961.8718624115
